film_id,title,total_rentals,total_revenue,avg_payment_per_rental,film_segment
879,TELEGRAPH VOYAGE,27,231.73,8.5825925925925926,Regular
973,WIFE TURN,31,223.69,7.2158064516129032,Regular
1000,ZORRO ARK,31,214.69,6.9254838709677419,Regular
369,GOODFELLAS SALUTE,31,209.69,6.7641935483870968,Regular
764,SATURDAY LAMBS,28,204.72,7.3114285714285714,Regular
893,TITANS JERK,29,201.71,6.9555172413793103,Regular
897,TORQUE BOUND,27,198.72,7.3600000000000000,Regular
403,HARRY IDAHO,30,195.70,6.5233333333333333,Regular
460,INNOCENT USUAL,26,191.74,7.3746153846153846,Regular
444,HUSTLER PARTY,22,190.78,8.6718181818181818,Regular
670,PELICAN COMFORTS,26,188.74,7.2592307692307692,Regular
127,CAT CONEHEADS,30,181.70,6.0566666666666667,Regular
284,ENEMY ODDS,29,180.71,6.2313793103448276,Regular
103,BUCKET BROTHERHOOD,34,180.66,5.3135294117647059,Regular
715,RANGE MOONWALKER,27,179.73,6.6566666666666667,Regular
563,MASSACRE USUAL,30,179.70,5.9900000000000000,Regular
941,VIDEOTAPE ARSENIC,29,178.71,6.1624137931034483,Regular
239,DOGMA FAMILY,30,178.70,5.9566666666666667,Regular
31,APACHE DIVINE,31,178.69,5.7641935483870968,Regular
938,VELVET TERMINATOR,26,177.74,6.8361538461538462,Regular
244,DORADO NOTTING,27,176.73,6.5455555555555556,Regular
327,FOOL MOCKINGBIRD,23,175.77,7.6421739130434783,Regular
979,WITCHES PANIC,30,173.70,5.7900000000000000,Regular
159,CLOSER BANG,28,172.72,6.1685714285714286,Regular
767,SCALAWAG DUCK,32,172.68,5.3962500000000000,Regular
745,ROSES TREASURE,28,171.72,6.1328571428571429,Regular
865,SUNRISE LEAGUE,24,170.76,7.1150000000000000,Regular
791,SHOW LORD,25,170.75,6.8300000000000000,Regular
624,NIGHTMARE CHILL,25,169.75,6.7900000000000000,Regular
771,SCORPION APOLLO,23,168.77,7.3378260869565217,Regular
21,AMERICAN CIRCUS,22,167.78,7.6263636363636364,Regular
174,CONFIDENTIAL INTERVIEW,29,164.71,5.6796551724137931,Regular
551,MAIDEN HOME,24,163.76,6.8233333333333333,Regular
989,WORKING MICROCOSMOS,25,163.75,6.5500000000000000,Regular
775,SEATTLE EXPECATIONS,24,163.75,6.8229166666666667,Regular
86,BOOGIE AMELIE,29,163.70,5.6448275862068966,Regular
846,STING PERSONAL,21,159.79,7.6090476190476190,Regular
527,LOLA AGENT,24,159.76,6.6566666666666667,Regular
48,BACKLASH UNDEFEATED,19,158.81,8.3584210526315789,Regular
575,MIDSUMMER GROUNDHOG,22,156.78,7.1263636363636364,Regular
892,TITANIC BOONDOCK,23,154.77,6.7291304347826087,Regular
838,STAGECOACH ARMAGEDDON,26,154.74,5.9515384615384615,Regular
580,MINE TITANS,19,153.81,8.0952631578947368,Regular
683,PITY BOUND,26,153.74,5.9130769230769231,Regular
778,SECRETS PARADISE,20,152.80,7.6400000000000000,Regular
408,HEAD STRANGER,22,152.78,6.9445454545454545,Regular
267,EAGLES PANKY,22,152.78,6.9445454545454545,Regular
972,WHISPERER GIANT,22,151.78,6.8990909090909091,Regular
271,EASY GLADIATOR,23,150.77,6.5552173913043478,Regular
579,MINDS TRUMAN,20,149.80,7.4900000000000000,Regular
307,FELLOWSHIP AUTUMN,26,149.74,5.7592307692307692,Regular
985,WONDERLAND CHRISTMAS,22,148.78,6.7627272727272727,Regular
856,STREETCAR INTENTIONS,25,148.75,5.9500000000000000,Regular
501,KISSING DOLLS,20,147.80,7.3900000000000000,Regular
861,SUIT WALLS,21,147.79,7.0376190476190476,Regular
902,TRADING PINOCCHIO,25,147.75,5.9100000000000000,Regular
521,LIES TREATMENT,27,147.73,5.4714814814814815,Regular
45,ATTRACTION NEWTON,24,146.76,6.1150000000000000,Regular
330,FORRESTER COMANCHEROS,27,146.73,5.4344444444444444,Regular
603,MOVIE SHAKESPEARE,27,145.74,5.3977777777777778,Regular
911,TRIP NEWTON,28,145.72,5.2042857142857143,Regular
350,GARDEN ISLAND,20,144.80,7.2400000000000000,Regular
263,DURHAM PANKY,26,144.74,5.5669230769230769,Regular
698,PRINCESS GIANT,27,142.74,5.2866666666666667,Regular
596,MOONSHINE CABIN,21,141.79,6.7519047619047619,Regular
112,CALENDAR GUNFIGHT,21,141.79,6.7519047619047619,Regular
898,TOURIST PELICAN,22,141.78,6.4445454545454545,Regular
843,STEEL SANTA,23,141.77,6.1639130434782609,Regular
253,DRIFTER COMMANDMENTS,24,141.76,5.9066666666666667,Regular
135,CHANCE RESURRECTION,27,141.73,5.2492592592592593,Regular
320,FLAMINGOS CONNECTICUT,23,139.77,6.0769565217391304,Regular
313,FIDELITY DEVIL,21,138.79,6.6090476190476190,Regular
131,CENTER DINOSAUR,24,137.76,5.7400000000000000,Regular
167,COMA HEAD,26,137.74,5.2976923076923077,Regular
706,QUEEN LUKE,22,136.78,6.2172727272727273,Regular
614,NAME DETECTIVE,23,136.77,5.9465217391304348,Regular
172,CONEHEADS SMOOCHY,25,136.75,5.4700000000000000,Regular
361,GLEAMING JAWBREAKER,29,136.70,4.7137931034482759,Regular
702,PULP BEVERLY,30,136.70,4.5566666666666667,Regular
995,YENTL IDAHO,23,135.77,5.9030434782608696,Regular
324,FLINTSTONES HAPPINESS,17,134.83,7.9311764705882353,Regular
971,WHALE BIKINI,18,134.82,7.4900000000000000,Regular
439,HUNCHBACK IMPOSSIBLE,20,134.80,6.7400000000000000,Regular
227,DETAILS PACKER,19,133.81,7.0426315789473684,Regular
680,PINOCCHIO SIMON,20,133.80,6.6900000000000000,Regular
869,SUSPECTS QUILLS,30,133.70,4.4566666666666667,Regular
621,NETWORK PEAK,31,133.69,4.3125806451612903,Regular
409,HEARTBREAKERS BRIGHT,20,132.80,6.6400000000000000,Regular
61,BEAUTY GREASE,22,132.78,6.0354545454545455,Regular
500,KISS GLORY,22,132.78,6.0354545454545455,Regular
518,LIAISONS SWEET,22,131.78,5.9900000000000000,Regular
10,ALADDIN CALENDAR,23,131.77,5.7291304347826087,Regular
804,SLEEPING SUSPECTS,24,131.76,5.4900000000000000,Regular
572,METROPOLIS COMA,26,131.74,5.0669230769230769,Regular
73,BINGO TALENTED,29,131.71,4.5417241379310345,Regular
734,ROAD ROXANNE,19,130.81,6.8847368421052632,Regular
578,MILLION ACE,20,130.80,6.5400000000000000,Regular
730,RIDGEMONT SUBMARINE,32,130.68,4.0837500000000000,Regular
763,SATISFACTION CONFIDENTIAL,17,129.83,7.6370588235294118,Regular
412,HEAVYWEIGHTS BEAST,23,129.77,5.6421739130434783,Regular
215,DAWN POND,18,128.82,7.1566666666666667,Regular
465,INTERVIEW LIAISONS,20,128.80,6.4400000000000000,Regular
129,CAUSE DATE,21,128.79,6.1328571428571429,Regular
117,CANDLES GRAPES,23,128.77,5.5986956521739130,Regular
331,FORWARD TEMPLE,32,128.68,4.0212500000000000,Regular
878,TEEN APOLLO,17,127.83,7.5194117647058824,Regular
818,SOMETHING DUCK,19,127.81,6.7268421052631579,Regular
814,SNATCH SLIPPER,22,127.78,5.8081818181818182,Regular
300,FALCON VOLUME,22,127.77,5.8077272727272727,Regular
908,TRAP GUYS,16,126.84,7.9275000000000000,Regular
583,MISSION ZOOLANDER,18,126.82,7.0455555555555556,Regular
755,SABRINA MIDNIGHT,21,126.79,6.0376190476190476,Regular
6,AGENT TRUMAN,21,126.79,6.0376190476190476,Regular
334,FREDDY STORM,23,126.77,5.5117391304347826,Regular
854,STRANGERS GRAFFITI,17,123.83,7.2841176470588235,Regular
243,DOORS PRESIDENT,19,123.81,6.5163157894736842,Regular
556,MALTESE HOPE,22,123.78,5.6263636363636364,Regular
109,BUTTERFLY CHOCOLAT,30,123.70,4.1233333333333333,Regular
891,TIMBERLAND SKY,31,123.69,3.9900000000000000,Regular
964,WATERFRONT DELIVERANCE,17,121.83,7.1664705882352941,Regular
805,SLEEPLESS MONSOON,20,121.80,6.0900000000000000,Regular
915,TRUMAN CRAZY,23,121.77,5.2943478260869565,Regular
768,SCARFACE BANG,18,120.82,6.7122222222222222,Regular
415,HIGH ENCINO,22,120.78,5.4900000000000000,Regular
710,RAGE GAMES,19,119.81,6.3057894736842105,Regular
354,GHOST GROUNDHOG,21,119.79,5.7042857142857143,Regular
25,ANGELS LIFE,22,119.78,5.4445454545454545,Regular
961,WASH HEAVENLY,23,119.77,5.2073913043478261,Regular
506,LADY STAGE,17,118.83,6.9900000000000000,Regular
222,DESERT POSEIDON,19,118.81,6.2531578947368421,Regular
676,PHILADELPHIA WIFE,23,118.78,5.1643478260869565,Regular
946,VIRTUAL SPOILERS,14,117.86,8.4185714285714286,Regular
887,THIEF PELICAN,19,117.81,6.2005263157894737,Regular
100,BROOKLYN DESERT,21,116.79,5.5614285714285714,Regular
776,SECRET GROUNDHOG,21,116.79,5.5614285714285714,Regular
502,KNOCK WARLOCK,24,116.76,4.8650000000000000,Regular
397,HANKY OCTOBER,26,116.74,4.4900000000000000,Regular
738,ROCKETEER MOTHER,33,116.67,3.5354545454545455,Regular
346,GALAXY SWEETHEARTS,18,115.82,6.4344444444444444,Regular
827,SPICE SORORITY,20,115.80,5.7900000000000000,Regular
694,PREJUDICE OLEANDER,20,115.80,5.7900000000000000,Regular
255,DRIVING POLISH,21,115.79,5.5138095238095238,Regular
69,BEVERLY OUTLAW,21,115.79,5.5138095238095238,Regular
183,CONVERSATION DOWNHILL,17,114.83,6.7547058823529412,Regular
922,UNDEFEATED DALMATIONS,21,114.79,5.4661904761904762,Regular
35,ARACHNOPHOBIA ROLLERCOASTER,24,114.76,4.7816666666666667,Regular
450,IDOLS SNATCHERS,30,114.70,3.8233333333333333,Regular
396,HANGING DEEP,19,113.81,5.9900000000000000,Regular
720,REDEMPTION COMFORTS,20,113.80,5.6900000000000000,Regular
637,OPEN AFRICAN,21,113.79,5.4185714285714286,Regular
857,STRICTLY SCARFACE,23,113.77,4.9465217391304348,Regular
777,SECRETARY ROUGE,18,112.82,6.2677777777777778,Regular
433,HORN WORKING,24,112.76,4.6983333333333333,Regular
162,CLUELESS BUCKET,25,112.75,4.5100000000000000,Regular
349,GANGS PRIDE,27,112.73,4.1751851851851852,Regular
77,BIRDS PERDITION,18,111.82,6.2122222222222222,Regular
871,SWEDEN SHINING,18,111.81,6.2116666666666667,Regular
590,MONEY HAROLD,20,111.80,5.5900000000000000,Regular
304,FARGO GANDHI,24,111.76,4.6566666666666667,Regular
654,PANKY SUBMARINE,15,110.85,7.3900000000000000,Regular
260,DUDE BLINDNESS,16,110.84,6.9275000000000000,Regular
294,EXPECATIONS NATURAL,18,110.82,6.1566666666666667,Regular
139,CHASING FIGHT,20,110.81,5.5405000000000000,Regular
725,REQUIEM TYCOON,19,110.81,5.8321052631578947,Regular
723,REIGN GENTLEMEN,20,110.80,5.5400000000000000,Regular
895,TOMORROW HUSTLER,25,110.75,4.4300000000000000,Regular
382,GRIT CLOCKWORK,32,110.68,3.4587500000000000,Regular
216,DAY UNFAITHFUL,14,109.86,7.8471428571428571,Regular
95,BREAKFAST GOLDFINGER,17,109.83,6.4605882352941176,Regular
785,SHAWSHANK BUBBLE,19,109.81,5.7794736842105263,Regular
486,JET NEIGHBORS,20,109.80,5.4900000000000000,Regular
378,GREATEST NORTH,29,109.71,3.7831034482758621,Regular
760,SAMURAI LION,25,108.75,4.3500000000000000,Regular
319,FISH OPUS,25,108.75,4.3500000000000000,Regular
739,ROCKY WAR,16,107.84,6.7400000000000000,Regular
170,COMMAND DARLING,16,107.84,6.7400000000000000,Regular
484,JERK PAYCHECK,20,107.80,5.3900000000000000,Regular
59,BEAR GRACELAND,22,107.78,4.8990909090909091,Regular
823,SOUTH WAIT,22,107.78,4.8990909090909091,Regular
305,FATAL HAUNTED,28,107.72,3.8471428571428571,Regular
759,SALUTE APOLLO,23,106.77,4.6421739130434783,Regular
199,CUPBOARD SINNERS,23,106.77,4.6421739130434783,Regular
356,GIANT TROOPERS,28,106.72,3.8114285714285714,Regular
512,LEAGUE HELLFIGHTERS,17,105.83,6.2252941176470588,Regular
859,SUGAR WONKA,17,105.83,6.2252941176470588,Regular
370,GORGEOUS BINGO,19,105.81,5.5689473684210526,Regular
668,PEAK FOREVER,20,105.80,5.2900000000000000,Regular
274,EGG IGBY,21,105.79,5.0376190476190476,Regular
735,ROBBERS JOON,31,105.69,3.4093548387096774,Regular
969,WEST LION,16,104.84,6.5525000000000000,Regular
845,STEPMOM DREAM,20,104.80,5.2400000000000000,Regular
37,ARIZONA BANG,21,104.79,4.9900000000000000,Regular
445,HYDE DOCTOR,26,104.73,4.0280769230769231,Regular
919,TYCOON GATHERING,12,103.88,8.6566666666666667,Regular
184,CORE SUIT,18,103.82,5.7677777777777778,Regular
251,DRAGONFLY STRANGERS,18,103.82,5.7677777777777778,Regular
571,METAL ARMAGEDDON,25,103.75,4.1500000000000000,Regular
468,INVASION CYCLONE,27,103.73,3.8418518518518519,Regular
285,ENGLISH BULWORTH,30,103.70,3.4566666666666667,Regular
71,BILKO ANONYMOUS,13,102.87,7.9130769230769231,Regular
175,CONFUSED CANDLES,17,102.83,6.0488235294117647,Regular
336,FRENCH HOLIDAY,17,102.83,6.0488235294117647,Regular
385,GROUNDHOG UNCUT,18,102.82,5.7122222222222222,Regular
8,AIRPORT POLLOCK,18,102.82,5.7122222222222222,Regular
665,PATTON INTERVIEW,23,102.77,4.4682608695652174,Regular
666,PAYCHECK WAIT,16,101.84,6.3650000000000000,Regular
749,RULES HUMAN,16,101.84,6.3650000000000000,Regular
44,ATTACKS HATE,16,101.84,6.3650000000000000,Regular
101,BROTHERHOOD BLANKET,26,101.74,3.9130769230769231,Regular
114,CAMELOT VACATION,27,101.73,3.7677777777777778,Regular
65,BEHAVIOR RUNAWAY,13,100.87,7.7592307692307692,Regular
708,QUILLS BULL,16,100.84,6.3025000000000000,Regular
691,POSEIDON FOREVER,17,100.83,5.9311764705882353,Regular
476,JASON TRAP,24,100.76,4.1983333333333333,Regular
447,ICE CROSSING,24,100.76,4.1983333333333333,Regular
179,CONQUERER NUTS,16,99.84,6.2400000000000000,Regular
570,MERMAID INSECTS,16,99.84,6.2400000000000000,Regular
451,IGBY MAKER,19,99.81,5.2531578947368421,Regular
789,SHOCK CABIN,30,99.70,3.3233333333333333,Regular
678,PICKUP DRIVING,16,98.84,6.1775000000000000,Regular
392,HALL CASSIDY,16,98.84,6.1775000000000000,Regular
398,HANOVER GALAXY,17,98.83,5.8135294117647059,Regular
70,BIKINI BORROWERS,17,98.83,5.8135294117647059,Regular
483,JERICHO MULAN,17,98.83,5.8135294117647059,Regular
51,BALLOON HOMEWARD,23,98.77,4.2943478260869565,Regular
873,SWEETHEARTS SUSPECTS,29,98.71,3.4037931034482759,Regular
559,MARRIED GO,30,98.70,3.2900000000000000,Regular
980,WIZARD COLDBLOODED,16,97.84,6.1150000000000000,Regular
414,HELLFIGHTERS SIERRA,20,97.80,4.8900000000000000,Regular
772,SEA VIRGIN,22,97.78,4.4445454545454545,Regular
295,EXPENDABLE STALLION,28,97.72,3.4900000000000000,Regular
226,DESTINY SATURDAY,16,96.84,6.0525000000000000,Regular
116,CANDIDATE PERDITION,18,96.81,5.3783333333333333,Regular
930,VACATION BOONDOCK,21,96.79,4.6090476190476190,Regular
55,BARBARELLA STREETCAR,25,96.75,3.8700000000000000,Regular
220,DEER VIRGINIAN,29,96.72,3.3351724137931034,Regular
489,JUGGLER HARDLY,32,96.68,3.0212500000000000,Regular
203,DAISY MENAGERIE,16,95.84,5.9900000000000000,Regular
456,INCH JET,18,95.82,5.3233333333333333,Regular
649,OZ LIAISONS,24,95.76,3.9900000000000000,Regular
773,SEABISCUIT PUNK,26,95.74,3.6823076923076923,Regular
609,MUSCLE BRIGHT,30,95.70,3.1900000000000000,Regular
365,GOLD RIVER,14,94.86,6.7757142857142857,Regular
835,SPY MILE,27,94.73,3.5085185185185185,Regular
588,MODEL FISH,15,93.85,6.2566666666666667,Regular
265,DYING MAKER,17,93.83,5.5194117647058824,Regular
944,VIRGIN DAISY,17,93.83,5.5194117647058824,Regular
212,DARN FORRESTER,18,93.82,5.2122222222222222,Regular
166,COLOR PHILADELPHIA,24,93.76,3.9066666666666667,Regular
958,WARDROBE PHANTOM,27,93.73,3.4714814814814815,Regular
321,FLASH WARS,13,92.87,7.1438461538461538,Regular
98,BRIGHT ENCOUNTERS,13,92.87,7.1438461538461538,Regular
272,EDGE KISSING,15,92.85,6.1900000000000000,Regular
704,PURE RUNNER,16,92.84,5.8025000000000000,Regular
611,MUSKETEERS WAIT,17,92.83,5.4605882352941176,Regular
806,SLEEPY JAPANESE,21,92.80,4.4190476190476190,Regular
798,SILVERADO GOLDFINGER,12,91.88,7.6566666666666667,Regular
68,BETRAYED REAR,15,91.85,6.1233333333333333,Regular
757,SAGEBRUSH CLUELESS,16,91.84,5.7400000000000000,Regular
803,SLACKER LIAISONS,17,91.83,5.4017647058823529,Regular
4,AFFAIR PREJUDICE,23,91.77,3.9900000000000000,Regular
391,HALF OUTFIELD,26,91.75,3.5288461538461538,Regular
880,TELEMARK HEARTBREAKERS,25,91.75,3.6700000000000000,Regular
78,BLACKOUT PRIVATE,27,91.73,3.3974074074074074,Regular
177,CONNECTICUT TRAMP,13,90.87,6.9900000000000000,Regular
115,CAMPUS REMEMBER,19,90.81,4.7794736842105263,Regular
57,BASIC EASY,21,90.79,4.3233333333333333,Regular
322,FLATLINERS KILLER,22,90.78,4.1263636363636364,Regular
15,ALIEN CENTER,22,90.78,4.1263636363636364,Regular
277,ELEPHANT TROJAN,14,89.86,6.4185714285714286,Regular
141,CHICAGO NORTH,16,89.84,5.6150000000000000,Regular
165,COLDBLOODED DARLING,16,89.84,5.6150000000000000,Regular
234,DISTURBING SCARFACE,26,89.74,3.4515384615384615,Regular
682,PITTSBURGH HUNCHBACK,12,88.88,7.4066666666666667,Regular
568,MEMENTO ZOOLANDER,13,88.87,6.8361538461538462,Regular
597,MOONWALKER FOOL,13,88.87,6.8361538461538462,Regular
858,SUBMARINE BED,15,88.85,5.9233333333333333,Regular
532,LOSER HUSTLER,15,88.85,5.9233333333333333,Regular
655,PANTHER REDS,15,88.85,5.9233333333333333,Regular
686,PLUTO OLEANDER,16,88.84,5.5525000000000000,Regular
753,RUSH GOODFELLAS,31,88.69,2.8609677419354839,Regular
151,CINCINATTI WHISPERER,13,87.87,6.7592307692307692,Regular
446,HYSTERICAL GRAIL,15,87.85,5.8566666666666667,Regular
329,FORREST SONS,18,87.82,4.8788888888888889,Regular
936,VANISHING ROCKY,18,87.82,4.8788888888888889,Regular
628,NORTHWEST POLISH,20,87.80,4.3900000000000000,Regular
43,ATLANTIS CAUSE,24,87.76,3.6566666666666667,Regular
434,HORROR REIGN,27,87.73,3.2492592592592593,Regular
638,OPERATION OPERATION,27,87.73,3.2492592592592593,Regular
867,SUPER WYOMING,13,86.87,6.6823076923076923,Regular
510,LAWLESS VISION,17,86.84,5.1082352941176471,Regular
956,WANDA CHAMBER,16,86.84,5.4275000000000000,Regular
480,JEEPERS WEDDING,16,86.84,5.4275000000000000,Regular
481,JEKYLL FROGMEN,17,86.83,5.1076470588235294,Regular
841,STAR OPERATION,21,86.79,4.1328571428571429,Regular
852,STRANGELOVE DESIRE,24,86.76,3.6150000000000000,Regular
134,CHAMPION FLATLINERS,13,85.87,6.6053846153846154,Regular
844,STEERS ARMAGEDDON,15,85.85,5.7233333333333333,Regular
28,ANTHEM LUKE,15,85.85,5.7233333333333333,Regular
443,HURRICANE AFFAIR,24,85.76,3.5733333333333333,Regular
154,CLASH FREDDY,25,85.75,3.4300000000000000,Regular
901,TRACY CIDER,26,85.74,3.2976923076923077,Regular
181,CONTACT ANONYMOUS,26,85.74,3.2976923076923077,Regular
471,ISLAND EXORCIST,26,85.74,3.2976923076923077,Regular
46,AUTUMN CROW,11,84.89,7.7172727272727273,Regular
711,RAGING AIRPLANE,13,84.87,6.5284615384615385,Regular
667,PEACH INNOCENT,14,84.85,6.0607142857142857,Regular
169,COMFORTS RUSH,17,84.83,4.9900000000000000,Regular
83,BLUES INSTINCT,21,84.79,4.0376190476190476,Regular
608,MURDER ANTITRUST,23,84.77,3.6856521739130435,Regular
247,DOWNHILL ENOUGH,25,84.75,3.3900000000000000,Regular
554,MALKOVICH PET,26,84.74,3.2592307692307692,Regular
625,NONE SPIKING,27,84.73,3.1381481481481481,Regular
113,CALIFORNIA BIRDS,12,83.88,6.9900000000000000,Regular
229,DEVIL DESIRE,15,83.85,5.5900000000000000,Regular
121,CAROL TEXAS,18,83.82,4.6566666666666667,Regular
298,EYES DRIVING,19,83.81,4.4110526315789474,Regular
326,FLYING HOOK,20,83.80,4.1900000000000000,Regular
953,WAIT CIDER,21,83.79,3.9900000000000000,Regular
644,OSCAR GOLD,25,83.75,3.3500000000000000,Regular
210,DARKO DORADO,11,82.89,7.5354545454545455,Regular
190,CREEPERS KANE,14,82.86,5.9185714285714286,Regular
421,HOLIDAY GAMES,15,82.85,5.5233333333333333,Regular
7,AIRPLANE SIERRA,15,82.85,5.5233333333333333,Regular
123,CASABLANCA SUPER,16,82.84,5.1775000000000000,Regular
987,WORDS HUNTER,16,82.84,5.1775000000000000,Regular
616,NATIONAL STORY,19,82.81,4.3584210526315789,Regular
920,UNBREAKABLE KARATE,21,82.79,3.9423809523809524,Regular
782,SHAKESPEARE SADDLE,22,82.78,3.7627272727272727,Regular
662,PATHS CONTROL,10,81.90,8.1900000000000000,Regular
872,SWEET BROTHERHOOD,15,81.85,5.4566666666666667,Regular
912,TROJAN TOMORROW,19,81.80,4.3052631578947368,Regular
252,DREAM PICKUP,22,81.78,3.7172727272727273,Regular
353,GENTLEMEN STAGE,23,81.77,3.5552173913043478,Regular
366,GOLDFINGER SENSIBILITY,24,81.76,3.4066666666666667,Regular
531,LOSE INCH,27,81.73,3.0270370370370370,Regular
374,GRAFFITI LOVE,30,81.70,2.7233333333333333,Regular
418,HOBBIT ALIEN,31,81.69,2.6351612903225806,Regular
889,TIES HUNGER,11,80.89,7.3536363636363636,Regular
219,DEEP CRUSADE,14,80.86,5.7757142857142857,Regular
438,HUMAN GRAFFITI,15,80.85,5.3900000000000000,Regular
137,CHARADE DUFFEL,15,80.85,5.3900000000000000,Regular
643,ORIENT CLOSER,17,80.83,4.7547058823529412,Regular
448,IDAHO LOVE,17,80.83,4.7547058823529412,Regular
966,WEDDING APOLLO,23,80.77,3.5117391304347826,Regular
288,ESCAPE METROPOLIS,25,80.75,3.2300000000000000,Regular
933,VAMPIRE WHALE,12,79.88,6.6566666666666667,Regular
426,HOME PITY,14,79.86,5.7042857142857143,Regular
820,SONS INTERVIEW,15,79.84,5.3226666666666667,Regular
50,BAKED CLEOPATRA,16,79.84,4.9900000000000000,Regular
308,FERRIS MOTHER,17,79.83,4.6958823529411765,Regular
657,PARADISE SABRINA,18,79.82,4.4344444444444444,Regular
914,TROUBLE DATE,23,79.78,3.4686956521739130,Regular
645,OTHERS SOUP,23,79.77,3.4682608695652174,Regular
491,JUMPING WRATH,24,79.76,3.3233333333333333,Regular
968,WEREWOLF LOLA,14,78.86,5.6328571428571429,Regular
464,INTENTIONS EMPIRE,17,78.83,4.6370588235294118,Regular
67,BERETS AGENT,21,78.78,3.7514285714285714,Regular
529,LONELY ELEPHANT,15,77.85,5.1900000000000000,Regular
84,BOILED DARES,15,77.85,5.1900000000000000,Regular
473,JACKET FRISCO,18,77.82,4.3233333333333333,Regular
707,QUEST MUSSOLINI,20,77.80,3.8900000000000000,Regular
402,HARPER DYING,20,77.80,3.8900000000000000,Regular
193,CROSSROADS CASUALTIES,21,77.79,3.7042857142857143,Regular
555,MALLRATS UNITED,25,77.75,3.1100000000000000,Regular
60,BEAST HUNCHBACK,11,76.89,6.9900000000000000,Regular
917,TUXEDO MILE,13,76.87,5.9130769230769231,Regular
381,GRINCH MASSAGE,14,76.86,5.4900000000000000,Regular
453,IMAGE PRINCESS,14,76.86,5.4900000000000000,Regular
81,BLINDNESS GUN,14,76.86,5.4900000000000000,Regular
544,MADISON TRAP,15,76.85,5.1233333333333333,Regular
49,BADMAN DAWN,21,76.79,3.6566666666666667,Regular
341,FROST HEAD,30,76.70,2.5566666666666667,Regular
853,STRANGER STRANGERS,11,75.89,6.8990909090909091,Regular
519,LIBERTY MAGNIFICENT,12,75.88,6.3233333333333333,Regular
202,DADDY PITTSBURGH,13,75.87,5.8361538461538462,Regular
774,SEARCHERS WAIT,14,75.86,5.4185714285714286,Regular
173,CONFESSIONS MAGUIRE,14,75.86,5.4185714285714286,Regular
420,HOLES BRANNIGAN,15,75.86,5.0573333333333333,Regular
432,HOPE TOOTSIE,18,75.82,4.2122222222222222,Regular
74,BIRCH ANTITRUST,11,74.89,6.8081818181818182,Regular
93,BRANNIGAN SUNRISE,12,74.88,6.2400000000000000,Regular
455,IMPOSSIBLE PREJUDICE,14,74.86,5.3471428571428571,Regular
967,WEEKEND PERSONAL,18,74.82,4.1566666666666667,Regular
542,LUST LOCK,15,74.82,4.9880000000000000,Regular
428,HOMICIDE PEACH,22,74.78,3.3990909090909091,Regular
437,HOUSE DYNAMITE,23,74.77,3.2508695652173913,Regular
245,DOUBLE WRATH,25,74.75,2.9900000000000000,Regular
888,THIN SAGEBRUSH,11,73.89,6.7172727272727273,Regular
145,CHISUM BEHAVIOR,13,73.87,5.6823076923076923,Regular
648,OUTLAW HANKY,14,73.86,5.2757142857142857,Regular
991,WORST BANGER,16,73.84,4.6150000000000000,Regular
999,ZOOLANDER FICTION,17,73.83,4.3429411764705882,Regular
724,REMEMBER DIARY,18,73.82,4.1011111111111111,Regular
302,FANTASIA PARK,19,73.81,3.8847368421052632,Regular
462,INSIDER ARIZONA,20,73.80,3.6900000000000000,Regular
242,DOOM DANCING,21,73.79,3.5138095238095238,Regular
800,SINNERS ATLANTIS,22,73.78,3.3536363636363636,Regular
545,MADNESS ATTACKS,25,73.75,2.9500000000000000,Regular
126,CASUALTIES ENCINO,9,72.91,8.1011111111111111,Regular
661,PAST SUICIDES,13,72.87,5.6053846153846154,Regular
994,WYOMING STORM,13,72.87,5.6053846153846154,Regular
347,GAMES BOWFINGER,14,72.86,5.2042857142857143,Regular
693,POTTER CONNECTICUT,17,72.83,4.2841176470588235,Regular
275,EGYPT TENENBAUMS,17,72.83,4.2841176470588235,Regular
463,INSTINCT AIRPORT,18,72.82,4.0455555555555556,Regular
619,NEIGHBORS CHARADE,19,72.81,3.8321052631578947,Regular
514,LEBOWSKI SOLDIERS,21,72.79,3.4661904761904762,Regular
816,SNOWMAN ROLLERCOASTER,23,72.77,3.1639130434782609,Regular
417,HILLS NEIGHBORS,25,72.75,2.9100000000000000,Regular
120,CARIBBEAN LIBERTY,9,71.91,7.9900000000000000,Regular
9,ALABAMA DEVIL,12,71.88,5.9900000000000000,Regular
99,BRINGING HYSTERICAL,20,71.80,3.5900000000000000,Regular
138,CHARIOTS CONSPIRACY,21,71.79,3.4185714285714286,Regular
870,SWARM GOLD,27,71.73,2.6566666666666667,Regular
881,TEMPLE ATTRACTION,12,70.88,5.9066666666666667,Regular
487,JINGLE SAGEBRUSH,13,70.87,5.4515384615384615,Regular
765,SATURN NAME,13,70.87,5.4515384615384615,Regular
929,USUAL UNTOUCHABLES,13,70.87,5.4515384615384615,Regular
916,TURN STAR,14,70.86,5.0614285714285714,Regular
231,DINOSAUR SECRETARY,20,70.80,3.5400000000000000,Regular
22,AMISTAD MIDSUMMER,21,70.79,3.3709523809523810,Regular
748,RUGRATS SHAKESPEARE,30,70.70,2.3566666666666667,Regular
301,FAMILY SWEET,29,70.70,2.4379310344827586,Regular
214,DAUGHTER MADIGAN,9,69.91,7.7677777777777778,Regular
599,MOTHER OLEANDER,14,69.86,4.9900000000000000,Regular
42,ARTIST COLDBLOODED,16,69.84,4.3650000000000000,Regular
254,DRIVER ANNIE,18,69.82,3.8788888888888889,Regular
689,POLLOCK DELIVERANCE,18,69.81,3.8783333333333333,Regular
323,FLIGHT LIES,12,68.88,5.7400000000000000,Regular
389,GUNFIGHTER MUSSOLINI,12,68.88,5.7400000000000000,Regular
626,NOON PAPI,17,68.83,4.0488235294117647,Regular
429,HONEY TIES,19,68.81,3.6215789473684211,Regular
142,CHICKEN HELLFIGHTERS,22,68.78,3.1263636363636364,Regular
228,DETECTIVE VISION,27,68.73,2.5455555555555556,Regular
20,AMELIE HELLFIGHTERS,10,67.90,6.7900000000000000,Regular
72,BILL OTHERS,19,67.81,3.5689473684210526,Regular
235,DIVIDE MONSTER,21,67.79,3.2280952380952381,Regular
292,EXCITEMENT EVE,21,67.79,3.2280952380952381,Regular
641,ORANGE GRAPES,24,67.76,2.8233333333333333,Regular
499,KING EVOLUTION,9,66.91,7.4344444444444444,Regular
918,TWISTED PIRATES,11,66.89,6.0809090909090909,Regular
207,DANGEROUS UPTOWN,12,66.88,5.5733333333333333,Regular
639,OPPOSITE NECKLACE,13,66.87,5.1438461538461538,Regular
56,BAREFOOT MANCHURIAN,18,66.82,3.7122222222222222,Regular
986,WONKA SEA,18,66.82,3.7122222222222222,Regular
640,OPUS ICE,11,65.89,5.9900000000000000,Regular
627,NORTH TEQUILA,11,65.89,5.9900000000000000,Regular
567,MEET CHOCOLATE,12,65.88,5.4900000000000000,Regular
133,CHAMBER ITALIAN,13,65.88,5.0676923076923077,Regular
957,WAR NOTTING,12,65.88,5.4900000000000000,Regular
536,LOVELY JINGLE,14,65.86,4.7042857142857143,Regular
158,CLONES PINOCCHIO,19,65.81,3.4636842105263158,Regular
312,FIDDLER LOST,10,64.90,6.4900000000000000,Regular
533,LOST BIRD,12,64.88,5.4066666666666667,Regular
236,DIVINE RESURRECTION,15,64.85,4.3233333333333333,Regular
557,MANCHURIAN CURTAIN,15,64.85,4.3233333333333333,Regular
615,NASH CHOCOLAT,15,64.85,4.3233333333333333,Regular
58,BEACH HEARTBREAKERS,17,64.83,3.8135294117647059,Regular
690,POND SEATTLE,19,64.81,3.4110526315789474,Regular
358,GILMORE BOILED,28,64.72,2.3114285714285714,Regular
75,BIRD INDEPENDENCE,11,63.89,5.8081818181818182,Regular
633,OCTOBER SUBMARINE,11,63.89,5.8081818181818182,Regular
478,JAWS HARRY,14,63.86,4.5614285714285714,Regular
561,MASK PEACH,17,63.83,3.7547058823529412,Regular
90,BOULEVARD MOB,18,63.82,3.5455555555555556,Regular
344,FURY MURDER,19,63.81,3.3584210526315789,Regular
525,LOATHING LEGALLY,27,63.73,2.3603703703703704,Regular
395,HANDICAP BOONDOCK,28,63.72,2.2757142857142857,Regular
537,LOVER TRUMAN,10,62.90,6.2900000000000000,Regular
716,REAP UNFAITHFUL,16,62.84,3.9275000000000000,Regular
351,GASLIGHT CRUSADE,16,62.84,3.9275000000000000,Regular
474,JADE BUNCH,18,62.82,3.4900000000000000,Regular
17,ALONE TRIP,18,62.82,3.4900000000000000,Regular
150,CIDER DESIRE,19,62.81,3.3057894736842105,Regular
269,EARRING INSTINCT,19,62.81,3.3057894736842105,Regular
993,WRONG BEHAVIOR,20,62.80,3.1400000000000000,Regular
650,PACIFIC AMISTAD,24,62.76,2.6150000000000000,Regular
266,DYNAMITE TARZAN,25,62.75,2.5100000000000000,Regular
587,MOD SECRETARY,11,61.89,5.6263636363636364,Regular
842,STATE WASTELAND,13,61.88,4.7600000000000000,Regular
496,KICK SAVANNAH,20,61.80,3.0900000000000000,Regular
659,PARK CITIZEN,8,60.92,7.6150000000000000,Regular
824,SPARTACUS CHEAPER,9,60.91,6.7677777777777778,Regular
152,CIRCUS YOUTH,15,60.85,4.0566666666666667,Regular
927,UPRISING UPTOWN,16,60.84,3.8025000000000000,Regular
317,FIREBALL PHILADELPHIA,21,60.79,2.8947619047619048,Regular
23,ANACONDA CONFESSIONS,21,60.79,2.8947619047619048,Regular
651,PACKER MADIGAN,22,60.78,2.7627272727272727,Regular
890,TIGHTS DAWN,26,60.74,2.3361538461538462,Regular
543,MADIGAN DORADO,10,59.90,5.9900000000000000,Regular
88,BORN SPINAL,12,59.88,4.9900000000000000,Regular
564,MASSAGE IMAGE,12,59.88,4.9900000000000000,Regular
977,WINDOW SIDE,12,59.88,4.9900000000000000,Regular
449,IDENTITY LOVER,13,59.87,4.6053846153846154,Regular
620,NEMO CAMPUS,14,59.86,4.2757142857142857,Regular
647,OUTFIELD MASSACRE,20,59.80,2.9900000000000000,Regular
314,FIGHT JAWBREAKER,22,59.78,2.7172727272727273,Regular
26,ANNIE IDENTITY,22,59.78,2.7172727272727273,Regular
586,MOCKINGBIRD HOLLYWOOD,24,59.76,2.4900000000000000,Regular
811,SMILE EARRING,10,58.90,5.8900000000000000,Regular
905,TRAINSPOTTING STRANGERS,11,58.89,5.3536363636363636,Regular
932,VALLEY PACKER,15,58.85,3.9233333333333333,Regular
975,WILLOW TRACY,16,58.84,3.6775000000000000,Regular
606,MUMMY CREATURES,16,58.84,3.6775000000000000,Regular
410,HEAVEN FREEDOM,18,58.82,3.2677777777777778,Regular
311,FICTION CHRISTMAS,19,58.81,3.0952631578947368,Regular
204,DALMATIONS SWEDEN,20,58.80,2.9400000000000000,Regular
494,KARATE MOON,23,58.77,2.5552173913043478,Regular
390,GUYS FALCON,9,57.91,6.4344444444444444,Regular
508,LAMBS CINCINATTI,10,57.90,5.7900000000000000,Regular
246,DOUBTFIRE LABYRINTH,10,57.90,5.7900000000000000,Regular
796,SIERRA DIVIDE,15,57.85,3.8566666666666667,Regular
679,PILOT HOOSIERS,16,57.84,3.6150000000000000,Regular
672,PERFECT GROOVE,17,57.83,3.4017647058823529,Regular
286,ENOUGH RAGING,18,57.82,3.2122222222222222,Regular
709,RACER EGG,18,57.82,3.2122222222222222,Regular
345,GABLES METROPOLIS,19,57.81,3.0426315789473684,Regular
733,RIVER OUTLAW,20,57.81,2.8905000000000000,Regular
851,STRAIGHT HOURS,20,57.80,2.8900000000000000,Regular
276,ELEMENT FREDDY,10,56.90,5.6900000000000000,Regular
92,BOWFINGER GABLES,11,56.89,5.1718181818181818,Regular
342,FUGITIVE MAGUIRE,11,56.89,5.1718181818181818,Regular
189,CREATURES SHAKESPEARE,16,56.84,3.5525000000000000,Regular
376,GRAPES FURY,22,56.77,2.5804545454545455,Regular
984,WONDERFUL DROP,9,55.91,6.2122222222222222,Regular
104,BUGSY SONG,11,55.89,5.0809090909090909,Regular
469,IRON MOON,11,55.89,5.0809090909090909,Regular
705,PURPLE MOVIE,13,55.87,4.2976923076923077,Regular
783,SHANE DARKNESS,14,55.86,3.9900000000000000,Regular
24,ANALYZE HOOSIERS,14,55.86,3.9900000000000000,Regular
232,DIRTY ACE,15,55.85,3.7233333333333333,Regular
664,PATRIOT ROMAN,16,55.84,3.4900000000000000,Regular
380,GREEK EVERYONE,17,55.83,3.2841176470588235,Regular
925,UNITED PILOT,17,55.83,3.2841176470588235,Regular
388,GUNFIGHT MOON,24,55.76,2.3233333333333333,Regular
810,SLUMS DUCK,24,55.76,2.3233333333333333,Regular
206,DANCING FEVER,27,55.73,2.0640740740740741,Regular
548,MAGNIFICENT CHITTY,8,54.92,6.8650000000000000,Regular
591,MONSOON CAUSE,9,54.91,6.1011111111111111,Regular
13,ALI FOREVER,9,54.91,6.1011111111111111,Regular
363,GO PURPLE,20,54.80,2.7400000000000000,Regular
338,FRISCO FORREST,9,53.91,5.9900000000000000,Regular
632,NUTS TIES,9,53.91,5.9900000000000000,Regular
770,SCISSORHANDS SLUMS,15,53.85,3.5900000000000000,Regular
442,HUNTING MUSKETEERS,15,53.85,3.5900000000000000,Regular
746,ROUGE SQUAD,18,53.82,2.9900000000000000,Regular
728,REUNION WITCHES,20,53.80,2.6900000000000000,Regular
807,SLEUTH ORIENT,21,53.79,2.5614285714285714,Regular
273,EFFECT GLADIATOR,25,53.75,2.1500000000000000,Regular
863,SUN CONFESSIONS,25,53.75,2.1500000000000000,Regular
2,ACE GOLDFINGER,7,52.93,7.5614285714285714,Regular
124,CASPER DRAGONFLY,8,52.92,6.6150000000000000,Regular
721,REDS POCUS,9,52.91,5.8788888888888889,Regular
934,VANILLA DAY,9,52.91,5.8788888888888889,Regular
375,GRAIL FRANKENSTEIN,10,52.90,5.2900000000000000,Regular
780,SENSIBILITY REAR,10,52.90,5.2900000000000000,Regular
731,RIGHT CRANES,10,52.90,5.2900000000000000,Regular
293,EXORCIST STING,13,52.87,4.0669230769230769,Regular
793,SHRUNK DIVINE,14,52.86,3.7757142857142857,Regular
546,MADRE GABLES,14,52.86,3.7757142857142857,Regular
16,ALLEY EVOLUTION,14,52.86,3.7757142857142857,Regular
373,GRADUATE LORD,16,52.84,3.3025000000000000,Regular
333,FREAKY POCUS,17,52.83,3.1076470588235294,Regular
631,NOVOCAINE FLIGHT,19,52.81,2.7794736842105263,Regular
147,CHOCOLAT HARRY,20,52.80,2.6400000000000000,Regular
406,HAUNTING PIANIST,22,52.78,2.3990909090909091,Regular
470,ISHTAR ROCKETEER,7,51.93,7.4185714285714286,Regular
653,PANIC CLUB,7,51.93,7.4185714285714286,Regular
279,ELIZABETH SHANE,10,51.90,5.1900000000000000,Regular
5,AFRICAN EGG,12,51.88,4.3233333333333333,Regular
96,BREAKING HOME,13,51.87,3.9900000000000000,Regular
592,MONSTER SPARTACUS,15,51.85,3.4566666666666667,Regular
601,MOULIN WAKE,16,51.84,3.2400000000000000,Regular
111,CADDYSHACK JEDI,16,51.84,3.2400000000000000,Regular
681,PIRATES ROXANNE,21,51.78,2.4657142857142857,Regular
945,VIRGINIAN PLUTO,29,51.71,1.7831034482758621,Regular
156,CLERKS ANGELS,7,50.93,7.2757142857142857,Regular
988,WORKER TARZAN,15,50.85,3.3900000000000000,Regular
458,INDIAN LOVE,16,50.84,3.1775000000000000,Regular
526,LOCK REAR,16,50.84,3.1775000000000000,Regular
504,KWAI HOMEWARD,23,50.77,2.2073913043478261,Regular
91,BOUND CHEAPER,24,50.76,2.1150000000000000,Regular
211,DARLING BREAKING,9,49.91,5.5455555555555556,Regular
466,INTOLERABLE INTENTIONS,9,49.91,5.5455555555555556,Regular
826,SPEED SUIT,9,49.91,5.5455555555555556,Regular
422,HOLLOW JEOPARDY,10,49.90,4.9900000000000000,Regular
692,POTLUCK MIXED,11,49.89,4.5354545454545455,Regular
296,EXPRESS LONELY,13,49.87,3.8361538461538462,Regular
900,TOWN ARK,14,49.86,3.5614285714285714,Regular
673,PERSONAL LADYBUGS,14,49.86,3.5614285714285714,Regular
589,MODERN DORADO,15,49.85,3.3233333333333333,Regular
962,WASTELAND DIVINE,15,49.85,3.3233333333333333,Regular
436,HOURS RAGE,19,49.81,2.6215789473684211,Regular
371,GOSFORD DONNIE,8,48.92,6.1150000000000000,Regular
256,DROP WATERFRONT,9,48.91,5.4344444444444444,Regular
528,LOLITA WORLD,10,48.90,4.8900000000000000,Regular
729,RIDER CADDYSHACK,11,48.89,4.4445454545454545,Regular
209,DARKNESS WAR,13,48.87,3.7592307692307692,Regular
394,HAMLET WISDOM,14,48.86,3.4900000000000000,Regular
201,CYCLONE FAMILY,15,48.86,3.2573333333333333,Regular
937,VARSITY TRIP,16,48.84,3.0525000000000000,Regular
737,ROCK INSTINCT,17,48.83,2.8723529411764706,Regular
367,GOLDMINE TYCOON,27,48.73,1.8048148148148148,Regular
951,VOYAGE LEGALLY,28,48.72,1.7400000000000000,Regular
779,SENSE GREEK,7,47.93,6.8471428571428571,Regular
197,CRUSADE HONEY,8,47.92,5.9900000000000000,Regular
503,KRAMER CHOCOLATE,9,47.91,5.3233333333333333,Regular
505,LABYRINTH LEAGUE,15,47.85,3.1900000000000000,Regular
788,SHIP WONDERLAND,15,47.85,3.1900000000000000,Regular
287,ENTRAPMENT SATISFACTION,15,47.85,3.1900000000000000,Regular
623,NEWTON LABYRINTH,17,47.83,2.8135294117647059,Regular
906,TRAMP OTHERS,20,47.80,2.3900000000000000,Regular
703,PUNK DIVORCE,8,46.92,5.8650000000000000,Regular
384,GROSSE WONDERFUL,8,46.92,5.8650000000000000,Regular
435,HOTEL HAPPINESS,9,46.91,5.2122222222222222,Regular
515,LEGALLY SECRETARY,9,46.91,5.2122222222222222,Regular
30,ANYTHING SAVANNAH,9,46.91,5.2122222222222222,Regular
837,STAGE WORLD,10,46.90,4.6900000000000000,Regular
573,MICROCOSMOS PARADISE,13,46.87,3.6053846153846154,Regular
913,TROOPERS METAL,14,46.86,3.3471428571428571,Regular
658,PARIS WEEKEND,14,46.86,3.3471428571428571,Regular
792,SHREK LICENSE,15,46.85,3.1233333333333333,Regular
849,STORM HAPPINESS,29,46.71,1.6106896551724138,Regular
47,BABY HALL,8,45.92,5.7400000000000000,Regular
685,PLATOON INSTINCT,9,45.91,5.1011111111111111,Regular
565,MATRIX SNOWMAN,9,45.91,5.1011111111111111,Regular
740,ROLLERCOASTER BRINGING,10,45.90,4.5900000000000000,Regular
825,SPEAKEASY DATE,12,45.88,3.8233333333333333,Regular
213,DATE SPEED,13,45.87,3.5284615384615385,Regular
921,UNCUT SUICIDES,14,45.86,3.2757142857142857,Regular
847,STOCK GLASS,14,45.86,3.2757142857142857,Regular
574,MIDNIGHT WESTWARD,17,45.83,2.6958823529411765,Regular
39,ARMAGEDDON LOST,21,45.79,2.1804761904761905,Regular
303,FANTASY TROOPERS,26,45.74,1.7592307692307692,Regular
582,MIRACLE VIRTUAL,9,44.91,4.9900000000000000,Regular
750,RUN PACIFIC,10,44.90,4.4900000000000000,Regular
522,LIFE TWISTED,10,44.90,4.4900000000000000,Regular
660,PARTY KNOCK,13,44.87,3.4515384615384615,Regular
160,CLUB GRAFFITI,19,44.80,2.3578947368421053,Regular
982,WOMEN DORADO,23,44.78,1.9469565217391304,Regular
12,ALASKA PHANTOM,26,44.74,1.7207692307692308,Regular
719,RECORDS ZORRO,8,43.92,5.4900000000000000,Regular
540,LUCKY FLYING,13,43.87,3.3746153846153846,Regular
328,FOREVER CANDIDATE,13,43.87,3.3746153846153846,Regular
784,SHANGHAI TYCOON,14,43.86,3.1328571428571429,Regular
360,GLASS DYING,14,43.86,3.1328571428571429,Regular
618,NECKLACE OUTBREAK,15,43.85,2.9233333333333333,Regular
552,MAJESTIC FLOATS,17,43.83,2.5782352941176471,Regular
687,POCUS PULP,26,43.74,1.6823076923076923,Regular
960,WARS PLUTO,10,42.90,4.2900000000000000,Regular
530,LORD ARIZONA,11,42.89,3.8990909090909091,Regular
187,CRANES RESERVOIR,11,42.89,3.8990909090909091,Regular
700,PRIX UNDEFEATED,11,42.89,3.8990909090909091,Regular
756,SADDLE ANTITRUST,14,42.86,3.0614285714285714,Regular
744,ROOTS REMEMBER,17,42.83,2.5194117647058824,Regular
602,MOURNING PURPLE,21,42.79,2.0376190476190476,Regular
164,COAST RAINBOW,21,42.79,2.0376190476190476,Regular
54,BANGER PINOCCHIO,22,42.78,1.9445454545454545,Regular
268,EARLY HOME,7,41.93,5.9900000000000000,Regular
411,HEAVENLY GUN,7,41.93,5.9900000000000000,Regular
431,HOOSIERS BIRDCAGE,8,41.92,5.2400000000000000,Regular
817,SOLDIERS EVOLUTION,8,41.92,5.2400000000000000,Regular
306,FEATHERS METAL,11,41.89,3.8081818181818182,Regular
828,SPIKING ELEMENT,13,41.87,3.2207692307692308,Regular
577,MILE MULAN,13,41.87,3.2207692307692308,Regular
40,ARMY FLINTSTONES,16,41.84,2.6150000000000000,Regular
383,GROOVE FICTION,18,41.82,2.3233333333333333,Regular
864,SUNDANCE INVASION,19,41.81,2.2005263157894737,Regular
233,DISCIPLE MOTHER,19,41.81,2.2005263157894737,Regular
191,CROOKED FROGMEN,23,41.77,1.8160869565217391,Regular
161,CLUE GRAIL,7,40.93,5.8471428571428571,Regular
289,EVE RESURRECTION,7,40.93,5.8471428571428571,Regular
695,PRESIDENT BANG,7,40.93,5.8471428571428571,Regular
876,TARZAN VIDEOTAPE,8,40.92,5.1150000000000000,Regular
337,FRIDA SLIPPER,11,40.90,3.7181818181818182,Regular
80,BLANKET BEVERLY,12,40.88,3.4066666666666667,Regular
110,CABIN FLASH,15,40.85,2.7233333333333333,Regular
833,SPLENDOR PATTON,21,40.79,1.9423809523809524,Regular
884,TERMINATOR CLUB,6,39.94,6.6566666666666667,Regular
485,JERSEY SASSY,6,39.94,6.6566666666666667,Regular
278,ELF MURDER,7,39.93,5.7042857142857143,Regular
316,FIRE WOLVES,7,39.93,5.7042857142857143,Regular
848,STONE FIRE,11,39.89,3.6263636363636364,Regular
829,SPINAL ROCKY,13,39.87,3.0669230769230769,Regular
736,ROBBERY BRIGHT,13,39.87,3.0669230769230769,Regular
652,PAJAMA JAWBREAKER,14,39.86,2.8471428571428571,Regular
452,ILLUSION AMELIE,15,39.85,2.6566666666666667,Regular
896,TOOTSIE PILOT,15,39.85,2.6566666666666667,Regular
488,JOON NORTHWEST,17,39.83,2.3429411764705882,Regular
282,ENCOUNTERS CURTAIN,19,39.81,2.0952631578947368,Regular
176,CONGENIALITY QUEST,22,39.78,1.8081818181818182,Regular
646,OUTBREAK DIVINE,23,39.77,1.7291304347826087,Regular
309,FEUD FROGMEN,25,39.75,1.5900000000000000,Regular
850,STORY SIDE,28,39.72,1.4185714285714286,Regular
875,TALENTED HOMICIDE,29,39.71,1.3693103448275862,Regular
472,ITALIAN AFRICAN,6,38.94,6.4900000000000000,Regular
82,BLOOD ARGONAUTS,10,38.90,3.8900000000000000,Regular
952,WAGON JAWS,10,38.90,3.8900000000000000,Regular
257,DRUMLINE CYCLONE,11,38.89,3.5354545454545455,Regular
928,UPTOWN YOUNG,12,38.88,3.2400000000000000,Regular
576,MIGHTY LUCK,12,38.88,3.2400000000000000,Regular
457,INDEPENDENCE HOTEL,19,38.81,2.0426315789473684,Regular
677,PIANIST OUTFIELD,21,38.78,1.8466666666666667,Regular
976,WIND PHANTOM,23,38.77,1.6856521739130435,Regular
119,CAPER MOTIONS,24,38.76,1.6150000000000000,Regular
200,CURTAIN VIDEOTAPE,27,38.74,1.4348148148148148,Regular
595,MOON BUNCH,29,38.71,1.3348275862068966,Regular
372,GRACELAND DYNAMITE,6,37.94,6.3233333333333333,Regular
364,GODFATHER DIARY,8,37.92,4.7400000000000000,Regular
939,VERTIGO NORTHWEST,8,37.92,4.7400000000000000,Regular
815,SNATCHERS MONTEZUMA,9,37.91,4.2122222222222222,Regular
29,ANTITRUST TOMATOES,10,37.90,3.7900000000000000,Regular
3,ADAPTATION HOLES,12,37.88,3.1566666666666667,Regular
413,HEDWIG ALTER,12,37.88,3.1566666666666667,Regular
467,INTRIGUE WORST,20,37.80,1.8900000000000000,Regular
790,SHOOTIST SUPERFLY,24,37.76,1.5733333333333333,Regular
387,GUN BONNIE,25,37.75,1.5100000000000000,Regular
970,WESTWARD SEABISCUIT,26,37.74,1.4515384615384615,Regular
248,DOZEN LION,7,36.93,5.2757142857142857,Regular
182,CONTROL ANTHEM,7,36.93,5.2757142857142857,Regular
604,MULAN MOON,13,36.87,2.8361538461538462,Regular
461,INSECTS STONE,18,36.81,2.0450000000000000,Regular
140,CHEAPER CLYDE,20,36.80,1.8400000000000000,Regular
949,VOLCANO TEXAS,22,36.78,1.6718181818181818,Regular
1,ACADEMY DINOSAUR,23,36.77,1.5986956521739130,Regular
697,PRIMARY GLASS,27,36.73,1.3603703703703704,Regular
769,SCHOOL JACKET,6,35.94,5.9900000000000000,Regular
340,FRONTIER CABIN,6,35.94,5.9900000000000000,Regular
102,BUBBLE GROSSE,6,35.94,5.9900000000000000,Regular
926,UNTOUCHABLES SUNRISE,8,35.92,4.4900000000000000,Regular
393,HALLOWEEN NUTS,10,35.90,3.5900000000000000,Regular
368,GONE TROUBLE,10,35.90,3.5900000000000000,Regular
241,DONNIE ALLEY,14,35.86,2.5614285714285714,Regular
535,LOVE SUICIDES,20,35.80,1.7900000000000000,Regular
11,ALAMO VIDEOTAPE,24,35.76,1.4900000000000000,Regular
238,DOCTOR GRAIL,7,34.93,4.9900000000000000,Regular
726,RESERVOIR ADAPTATION,10,34.90,3.4900000000000000,Regular
549,MAGNOLIA FORRESTER,11,34.89,3.1718181818181818,Regular
819,SONG HEDWIG,11,34.89,3.1718181818181818,Regular
585,MOB DUFFEL,12,34.88,2.9066666666666667,Regular
732,RINGS HEARTBREAKERS,15,34.85,2.3233333333333333,Regular
862,SUMMER SCARFACE,16,34.84,2.1775000000000000,Regular
963,WATCH TRACY,16,34.84,2.1775000000000000,Regular
877,TAXI KICK,17,34.83,2.0488235294117647,Regular
524,LION UNCUT,18,34.82,1.9344444444444444,Regular
79,BLADE POLISH,22,34.79,1.5813636363636364,Regular
270,EARTH VISION,23,34.77,1.5117391304347826,Regular
122,CARRIE BUNCH,23,34.77,1.5117391304347826,Regular
310,FEVER EMPIRE,5,33.95,6.7900000000000000,Regular
237,DIVORCE SHINING,7,33.93,4.8471428571428571,Regular
550,MAGUIRE APACHE,9,33.91,3.7677777777777778,Regular
832,SPLASH GUMP,14,33.86,2.4185714285714286,Regular
907,TRANSLATION SUMMER,15,33.85,2.2566666666666667,Regular
948,VOICE PEACH,19,33.81,1.7794736842105263,Regular
747,ROXANNE REBEL,19,33.81,1.7794736842105263,Regular
132,CHAINSAW UPTOWN,21,33.79,1.6090476190476190,Regular
19,AMADEUS HOLY,21,33.79,1.6090476190476190,Regular
883,TEQUILA PAST,6,32.94,5.4900000000000000,Regular
106,BULWORTH COMMANDMENTS,7,32.93,4.7042857142857143,Regular
553,MAKER GABLES,10,32.90,3.2900000000000000,Regular
617,NATURAL STOCK,13,32.87,2.5284615384615385,Regular
840,STAMPEDE DISTURBING,14,32.86,2.3471428571428571,Regular
600,MOTIONS DETAILS,16,32.85,2.0531250000000000,Regular
85,BONNIE HOLOCAUST,16,32.84,2.0525000000000000,Regular
299,FACTORY DRAGON,17,32.83,1.9311764705882353,Regular
717,REAR TRADING,17,32.83,1.9311764705882353,Regular
560,MARS ROMAN,19,32.81,1.7268421052631579,Regular
416,HIGHBALL POTTER,21,32.79,1.5614285714285714,Regular
143,CHILL LUCK,22,32.78,1.4900000000000000,Regular
18,ALTER VICTORY,22,32.78,1.4900000000000000,Regular
130,CELEBRITY HORN,24,32.76,1.3650000000000000,Regular
786,SHEPHERD MIDSUMMER,25,32.75,1.3100000000000000,Regular
405,HAUNTED ANTITRUST,6,31.94,5.3233333333333333,Regular
224,DESPERATE TRAINSPOTTING,6,31.94,5.3233333333333333,Regular
758,SAINTS BRIDE,8,31.92,3.9900000000000000,Regular
225,DESTINATION JERK,8,31.92,3.9900000000000000,Regular
264,DWARFS ALTER,9,31.91,3.5455555555555556,Regular
714,RANDOM GO,9,31.91,3.5455555555555556,Regular
205,DANCES NONE,14,31.86,2.2757142857142857,Regular
781,SEVEN SWARM,5,30.95,6.1900000000000000,Regular
32,APOCALYPSE FLAMINGOS,6,30.94,5.1566666666666667,Regular
490,JUMANJI BLADE,8,30.92,3.8650000000000000,Regular
240,DOLLS RAGE,9,30.91,3.4344444444444444,Regular
539,LUCK OPUS,10,30.90,3.0900000000000000,Regular
886,THEORY MERMAID,11,30.88,2.8072727272727273,Regular
809,SLIPPER FIDELITY,16,30.84,1.9275000000000000,Regular
280,EMPIRE MALKOVICH,21,30.79,1.4661904761904762,Regular
978,WISDOM WORKER,9,29.91,3.3233333333333333,Regular
208,DARES PLUTO,9,29.91,3.3233333333333333,Regular
636,OLEANDER CLUE,10,29.90,2.9900000000000000,Regular
761,SANTA PARIS,10,29.90,2.9900000000000000,Regular
794,SIDE ARK,12,29.88,2.4900000000000000,Regular
155,CLEOPATRA DEVIL,18,29.83,1.6572222222222222,Regular
534,LOUISIANA HARRY,17,29.83,1.7547058823529412,Regular
743,ROOM ROMAN,20,29.80,1.4900000000000000,Regular
741,ROMAN PUNK,24,29.76,1.2400000000000000,Regular
684,PIZZA JUMANJI,7,28.93,4.1328571428571429,Regular
541,LUKE MUMMY,7,28.93,4.1328571428571429,Regular
185,COWBOY DOOM,7,28.93,4.1328571428571429,Regular
146,CHITTY LOCK,8,28.92,3.6150000000000000,Regular
656,PAPI NECKLACE,8,28.92,3.6150000000000000,Regular
983,WON DARES,9,28.91,3.2122222222222222,Regular
482,JEOPARDY ENCINO,10,28.90,2.8900000000000000,Regular
315,FINDING ANACONDA,12,28.88,2.4066666666666667,Regular
766,SAVANNAH TOWN,12,28.88,2.4066666666666667,Regular
377,GREASE YOUTH,21,28.79,1.3709523809523810,Regular
149,CHRISTMAS MOONSHINE,21,28.79,1.3709523809523810,Regular
459,INFORMER DOUBLE,5,27.95,5.5900000000000000,Regular
513,LEATHERNECKS DWARFS,7,27.93,3.9900000000000000,Regular
836,SQUAD FISH,7,27.93,3.9900000000000000,Regular
230,DIARY PANIC,9,27.91,3.1011111111111111,Regular
250,DRAGON SQUAD,11,27.89,2.5354545454545455,Regular
581,MINORITY KISS,12,27.89,2.3241666666666667,Regular
118,CANYON STOCK,19,27.81,1.4636842105263158,Regular
281,ENCINO ELF,19,27.81,1.4636842105263158,Regular
89,BORROWERS BEDAZZLED,22,27.78,1.2627272727272727,Regular
699,PRIVATE DROP,5,26.95,5.3900000000000000,Regular
923,UNFAITHFUL KILL,8,26.92,3.3650000000000000,Regular
674,PET HAUNTING,8,26.92,3.3650000000000000,Regular
188,CRAZY HOME,9,26.91,2.9900000000000000,Regular
291,EVOLUTION ALTER,12,26.88,2.2400000000000000,Regular
727,RESURRECTION SILVERADO,21,26.79,1.2757142857142857,Regular
107,BUNCH MINDS,5,25.95,5.1900000000000000,Regular
223,DESIRE ALIEN,8,25.92,3.2400000000000000,Regular
629,NOTORIOUS REUNION,14,25.86,1.8471428571428571,Regular
492,JUNGLE CLOSER,14,25.86,1.8471428571428571,Regular
598,MOSQUITO ARMAGEDDON,15,25.85,1.7233333333333333,Regular
424,HOLOCAUST HIGHBALL,17,25.83,1.5194117647058824,Regular
924,UNFORGIVEN ZOOLANDER,18,25.82,1.4344444444444444,Regular
562,MASKED BUBBLE,20,25.80,1.2900000000000000,Regular
218,DECEIVER BETRAYED,21,25.79,1.2280952380952381,Regular
904,TRAIN BUNCH,4,24.96,6.2400000000000000,Regular
441,HUNTER ALTER,5,24.95,4.9900000000000000,Regular
903,TRAFFIC HOBBIT,5,24.95,4.9900000000000000,Regular
62,BED HIGHBALL,6,24.94,4.1566666666666667,Regular
990,WORLD LEATHERNECKS,8,24.92,3.1150000000000000,Regular
352,GATHERING CALENDAR,11,24.89,2.2627272727272727,Regular
258,DRUMS DYNAMITE,13,24.87,1.9130769230769231,Regular
290,EVERYONE CRAFT,13,24.87,1.9130769230769231,Regular
855,STREAK RIDGEMONT,16,24.84,1.5525000000000000,Regular
688,POLISH BROOKLYN,18,24.82,1.3788888888888889,Regular
663,PATIENT SISTER,19,24.81,1.3057894736842105,Regular
981,WOLVES DESIRE,21,24.79,1.1804761904761905,Regular
249,DRACULA CRYSTAL,21,24.79,1.1804761904761905,Regular
558,MANNEQUIN WORST,5,23.95,4.7900000000000000,Regular
125,CASSIDY WYOMING,6,23.94,3.9900000000000000,Regular
259,DUCK RACER,6,23.94,3.9900000000000000,Regular
517,LESSON CLEOPATRA,7,23.93,3.4185714285714286,Regular
163,CLYDE THEORY,8,23.92,2.9900000000000000,Regular
136,CHAPLIN LICENSE,8,23.92,2.9900000000000000,Regular
76,BIRDCAGE CASPER,9,23.91,2.6566666666666667,Regular
722,REEF SALUTE,11,23.89,2.1718181818181818,Regular
992,WRATH MILE,14,23.86,1.7042857142857143,Regular
634,ODDS BOOGIE,15,23.85,1.5900000000000000,Regular
427,HOMEWARD CIDER,16,23.84,1.4900000000000000,Regular
297,EXTRAORDINARY CONQUERER,6,22.94,3.8233333333333333,Regular
399,HAPPINESS UNITED,6,22.94,3.8233333333333333,Regular
520,LICENSE WEEKEND,7,22.93,3.2757142857142857,Regular
53,BANG KWAI,7,22.93,3.2757142857142857,Regular
622,NEWSIES STORY,7,22.93,3.2757142857142857,Regular
787,SHINING ROSES,8,22.92,2.8650000000000000,Regular
34,ARABIA DOGMA,13,22.87,1.7592307692307692,Regular
440,HUNGER ROOF,13,22.87,1.7592307692307692,Regular
942,VIETNAM SMOOCHY,15,22.85,1.5233333333333333,Regular
348,GANDHI KWAI,17,22.83,1.3429411764705882,Regular
610,MUSIC BOONDOCK,19,22.81,1.2005263157894737,Regular
959,WARLOCK WEREWOLF,6,21.94,3.6566666666666667,Regular
498,KILLER INNOCENT,6,21.94,3.6566666666666667,Regular
675,PHANTOM GLORY,6,21.94,3.6566666666666667,Regular
569,MENAGERIE RUSHMORE,7,21.93,3.1328571428571429,Regular
605,MULHOLLAND BEAST,7,21.93,3.1328571428571429,Regular
593,MONTEREY LABYRINTH,13,21.87,1.6823076923076923,Regular
153,CITIZEN SHREK,13,21.87,1.6823076923076923,Regular
105,BULL SHAWSHANK,16,21.84,1.3650000000000000,Regular
97,BRIDE INTRIGUE,19,21.81,1.1478947368421053,Regular
479,JEDI BENEATH,19,21.81,1.1478947368421053,Regular
454,IMPACT ALADDIN,9,20.91,2.3233333333333333,Regular
834,SPOILERS HELLFIGHTERS,10,20.90,2.0900000000000000,Regular
882,TENENBAUMS COMMAND,13,20.87,1.6053846153846154,Regular
493,KANE EXORCIST,14,20.86,1.4900000000000000,Regular
186,CRAFT OUTFIELD,16,20.84,1.3025000000000000,Regular
613,MYSTIC TRUMAN,10,19.90,1.9900000000000000,Regular
831,SPIRITED CASUALTIES,11,19.89,1.8081818181818182,Regular
509,LANGUAGE COWBOY,11,19.89,1.8081818181818182,Regular
538,LOVERBOY ATTACKS,12,19.88,1.6566666666666667,Regular
821,SORORITY QUEEN,12,19.88,1.6566666666666667,Regular
894,TOMATOES HELLFIGHTERS,14,19.86,1.4185714285714286,Regular
799,SIMON NORTH,6,18.94,3.1566666666666667,Regular
754,RUSHMORE MERMAID,6,18.94,3.1566666666666667,Regular
425,HOLY TADPOLE,9,18.91,2.1011111111111111,Regular
283,ENDING CROWDS,11,18.89,1.7172727272727273,Regular
194,CROW GREASE,12,18.88,1.5733333333333333,Regular
696,PRIDE ALAMO,16,18.84,1.1775000000000000,Regular
812,SMOKING BARBARELLA,18,18.83,1.04611111111111111111,Regular
507,LADYBUGS ARMAGEDDON,6,17.94,2.9900000000000000,Regular
547,MAGIC MALLRATS,7,17.93,2.5614285714285714,Regular
357,GILBERT PELICAN,9,17.91,1.9900000000000000,Regular
868,SUPERFLY TRIP,10,17.90,1.7900000000000000,Regular
27,ANONYMOUS HUMAN,13,17.87,1.3746153846153846,Regular
430,HOOK CHARIOTS,13,17.87,1.3746153846153846,Regular
795,SIEGE MADRE,15,17.85,1.1900000000000000,Regular
180,CONSPIRACY SPIRIT,5,16.95,3.3900000000000000,Regular
94,BRAVEHEART HUMAN,5,16.95,3.3900000000000000,Regular
343,FULL FLATLINERS,5,16.95,3.3900000000000000,Regular
997,YOUTH KICK,6,16.94,2.8233333333333333,Regular
66,BENEATH RUSH,10,16.90,1.6900000000000000,Regular
339,FROGMEN BREAKING,10,16.90,1.6900000000000000,Regular
64,BEETHOVEN EXORCIST,11,16.89,1.5354545454545455,Regular
931,VALENTINE VANISHING,12,16.88,1.4066666666666667,Regular
63,BEDAZZLED MARRIED,13,16.87,1.2976923076923077,Regular
797,SILENCE KANE,16,16.84,1.05250000000000000000,Regular
400,HARDLY ROBBERS,4,15.96,3.9900000000000000,Regular
584,MIXED DOORS,4,15.96,3.9900000000000000,Regular
612,MUSSOLINI SPOILERS,5,15.95,3.1900000000000000,Regular
974,WILD APOLLO,6,15.94,2.6566666666666667,Regular
947,VISION TORQUE,7,15.93,2.2757142857142857,Regular
407,HAWK CHILL,7,15.93,2.2757142857142857,Regular
511,LAWRENCE LOVE,13,15.87,1.2207692307692308,Regular
762,SASSY PACKER,13,15.87,1.2207692307692308,Regular
379,GREEDY ROOTS,14,15.86,1.1328571428571429,Regular
830,SPIRIT FLINTSTONES,15,15.85,1.05666666666666666667,Regular
362,GLORY TRACY,5,14.95,2.9900000000000000,Regular
808,SLING LUKE,6,14.94,2.4900000000000000,Regular
935,VANISHED GARDEN,7,14.94,2.1342857142857143,Regular
752,RUNNER MADIGAN,8,14.92,1.8650000000000000,Regular
998,ZHIVAGO CORE,9,14.91,1.6566666666666667,Regular
813,SMOOCHY CONTROL,12,14.88,1.2400000000000000,Regular
262,DUMBO LUST,6,13.94,2.3233333333333333,Regular
965,WATERSHIP FRONTIER,6,13.94,2.3233333333333333,Regular
516,LEGEND JEDI,9,13.91,1.5455555555555556,Regular
630,NOTTING SPEAKEASY,10,13.90,1.3900000000000000,Regular
423,HOLLYWOOD ANONYMOUS,13,13.87,1.06692307692307692308,Regular
910,TREATMENT JEKYLL,7,12.93,1.8471428571428571,Regular
822,SOUP WISDOM,8,12.92,1.6150000000000000,Regular
751,RUNAWAY TENENBAUMS,8,12.92,1.6150000000000000,Regular
866,SUNSET RACER,8,12.92,1.6150000000000000,Regular
940,VICTORY ACADEMY,9,12.91,1.4344444444444444,Regular
899,TOWERS HURRICANE,11,12.89,1.1718181818181818,Regular
566,MAUDE MOD,8,11.92,1.4900000000000000,Regular
594,MONTEZUMA COMMAND,9,11.91,1.3233333333333333,Regular
355,GHOSTBUSTERS ELF,9,11.91,1.3233333333333333,Regular
157,CLOCKWORK PARADISE,10,11.90,1.1900000000000000,Regular
477,JAWBREAKER BROOKLYN,10,11.90,1.1900000000000000,Regular
178,CONNECTION MICROCOSMOS,7,10.93,1.5614285714285714,Regular
52,BALLROOM MOCKINGBIRD,8,10.92,1.3650000000000000,Regular
168,COMANCHEROS ENEMY,6,9.94,1.6566666666666667,Regular
401,HAROLD FRENCH,8,9.92,1.2400000000000000,Regular
523,LIGHTS DEER,8,9.92,1.2400000000000000,Regular
839,STALLION SUNDANCE,7,8.93,1.2757142857142857,Regular
475,JAPANESE RUN,6,7.94,1.3233333333333333,Regular
196,CRUELTY UNFORGIVEN,7,7.93,1.13285714285714285714,Regular
718,REBEL AIRPORT,8,7.92,0.99000000000000000000,Regular
261,DUFFEL APOCALYPSE,7,6.93,0.99000000000000000000,Regular
996,YOUNG LANGUAGE,7,6.93,0.99000000000000000000,Regular
335,FREEDOM CLEOPATRA,5,5.95,1.19000000000000000000,Regular
885,TEXAS WATCH,6,5.94,0.99000000000000000000,Regular
635,OKLAHOMA JUMANJI,6,5.94,0.99000000000000000000,Regular
